
{
  "header": {
    "reportVersion": 1,
    "event": "Allocation failed - JavaScript heap out of memory",
    "trigger": "FatalError",
    "filename": "report.20201111.213058.38776.0.001.json",
    "dumpEventTime": "2020-11-11T21:30:58Z",
    "dumpEventTimeStamp": "1605101458910",
    "processId": 38776,
    "cwd": "F:\\第四阶段\\后台\\mydemo",
    "commandLine": [
      "node",
      "F:\\第四阶段\\后台\\mydemo\\node_modules\\.bin\\\\..\\webpack-dev-server\\bin\\webpack-dev-server.js",
      "--inline",
      "--progress",
      "--config",
      "build/webpack.dev.conf.js"
    ],
    "nodejsVersion": "v12.13.1",
    "wordSize": 64,
    "arch": "x64",
    "platform": "win32",
    "componentVersions": {
      "node": "12.13.1",
      "v8": "7.7.299.13-node.16",
      "uv": "1.33.1",
      "zlib": "1.2.11",
      "brotli": "1.0.7",
      "ares": "1.15.0",
      "modules": "72",
      "nghttp2": "1.39.2",
      "napi": "5",
      "llhttp": "1.1.4",
      "http_parser": "2.8.0",
      "openssl": "1.1.1d",
      "cldr": "35.1",
      "icu": "64.2",
      "tz": "2019c",
      "unicode": "12.1"
    },
    "release": {
      "name": "node",
      "lts": "Erbium",
      "headersUrl": "https://nodejs.org/download/release/v12.13.1/node-v12.13.1-headers.tar.gz",
      "sourceUrl": "https://nodejs.org/download/release/v12.13.1/node-v12.13.1.tar.gz",
      "libUrl": "https://nodejs.org/download/release/v12.13.1/win-x64/node.lib"
    },
    "osName": "Windows_NT",
    "osRelease": "6.1.7601",
    "osVersion": "Windows 7 Ultimate Service Pack 1",
    "osMachine": "x86_64",
    "cpus": [
      {
        "model": "Intel(R) Core(TM) i5-4300M CPU @ 2.60GHz",
        "speed": 2594,
        "user": 93885785,
        "nice": 0,
        "sys": 43296252,
        "idle": 337902705,
        "irq": 543148
      },
      {
        "model": "Intel(R) Core(TM) i5-4300M CPU @ 2.60GHz",
        "speed": 2594,
        "user": 49512408,
        "nice": 0,
        "sys": 25880877,
        "idle": 399691129,
        "irq": 3757814
      },
      {
        "model": "Intel(R) Core(TM) i5-4300M CPU @ 2.60GHz",
        "speed": 2594,
        "user": 114494157,
        "nice": 0,
        "sys": 35177851,
        "idle": 325412267,
        "irq": 216326
      },
      {
        "model": "Intel(R) Core(TM) i5-4300M CPU @ 2.60GHz",
        "speed": 2594,
        "user": 14668290,
        "nice": 0,
        "sys": 11716314,
        "idle": 448699545,
        "irq": 145611
      }
    ],
    "networkInterfaces": [
      {
        "name": "本地连接",
        "internal": false,
        "mac": "28:d2:44:3e:cd:09",
        "address": "fe80::885c:9f9a:9002:84e8",
        "netmask": "ffff:ffff:ffff:ffff::",
        "family": "IPv6",
        "scopeid": 11
      },
      {
        "name": "本地连接",
        "internal": false,
        "mac": "28:d2:44:3e:cd:09",
        "address": "10.10.117.157",
        "netmask": "255.255.255.0",
        "family": "IPv4"
      },
      {
        "name": "Loopback Pseudo-Interface 1",
        "internal": true,
        "mac": "00:00:00:00:00:00",
        "address": "::1",
        "netmask": "ffff:ffff:ffff:ffff:ffff:ffff:ffff:ffff",
        "family": "IPv6",
        "scopeid": 0
      },
      {
        "name": "Loopback Pseudo-Interface 1",
        "internal": true,
        "mac": "00:00:00:00:00:00",
        "address": "127.0.0.1",
        "netmask": "255.0.0.0",
        "family": "IPv4"
      }
    ],
    "host": "ALJS-20180826YQ"
  },
  "javascriptStack": {
    "message": "No stack.",
    "stack": [
      "Unavailable."
    ]
  },
  "nativeStack": [
    {
      "pc": "0x000000013f131729",
      "symbol": "std::basic_ostream<char,std::char_traits<char> >::operator<<+10873"
    },
    {
      "pc": "0x000000013f135b4c",
      "symbol": "std::basic_ostream<char,std::char_traits<char> >::operator<<+28316"
    },
    {
      "pc": "0x000000013f134b08",
      "symbol": "std::basic_ostream<char,std::char_traits<char> >::operator<<+24152"
    },
    {
      "pc": "0x000000013f22369b",
      "symbol": "v8::base::CPU::has_sse+37723"
    },
    {
      "pc": "0x000000013fa282de",
      "symbol": "v8::Isolate::ReportExternalAllocationLimitReached+94"
    },
    {
      "pc": "0x000000013fa10321",
      "symbol": "v8::SharedArrayBuffer::Externalize+833"
    },
    {
      "pc": "0x000000013f8ddbec",
      "symbol": "v8::internal::Heap::EphemeronKeyWriteBarrierFromCode+1436"
    },
    {
      "pc": "0x000000013f8e8f90",
      "symbol": "v8::internal::Heap::ProtectUnprotectedMemoryChunks+1312"
    },
    {
      "pc": "0x000000013f8e5ac4",
      "symbol": "v8::internal::Heap::PageFlagsAreConsistent+3204"
    },
    {
      "pc": "0x000000013f8db353",
      "symbol": "v8::internal::Heap::CollectGarbage+1283"
    },
    {
      "pc": "0x000000013f8d9b24",
      "symbol": "v8::internal::Heap::AddRetainedMap+2356"
    },
    {
      "pc": "0x000000013f8fadf5",
      "symbol": "v8::internal::Factory::NewFillerObject+53"
    },
    {
      "pc": "0x000000013f666e19",
      "symbol": "v8::internal::interpreter::JumpTableTargetOffsets::iterator::operator=+4057"
    },
    {
      "pc": "0x000000013fe5404d",
      "symbol": "v8::internal::SetupIsolateDelegate::SetupHeap+567949"
    },
    {
      "pc": "0x000000ab0354c8bb",
      "symbol": ""
    }
  ],
  "javascriptHeap": {
    "totalMemory": 2165342208,
    "totalCommittedMemory": 2165342208,
    "usedMemory": 2074620832,
    "availableMemory": 66183064,
    "memoryLimit": 2197815296,
    "heapSpaces": {
      "read_only_space": {
        "memorySize": 262144,
        "committedMemory": 262144,
        "capacity": 261872,
        "used": 32296,
        "available": 229576
      },
      "new_space": {
        "memorySize": 33554432,
        "committedMemory": 33554432,
        "capacity": 16759808,
        "used": 121952,
        "available": 16637856
      },
      "old_space": {
        "memorySize": 2038542336,
        "committedMemory": 2038542336,
        "capacity": 1984958688,
        "used": 1984875952,
        "available": 82736
      },
      "code_space": {
        "memorySize": 2523136,
        "committedMemory": 2523136,
        "capacity": 1859904,
        "used": 1859904,
        "available": 0
      },
      "map_space": {
        "memorySize": 4460544,
        "committedMemory": 4460544,
        "capacity": 2005760,
        "used": 2005760,
        "available": 0
      },
      "large_object_space": {
        "memorySize": 84795392,
        "committedMemory": 84795392,
        "capacity": 84624552,
        "used": 84624552,
        "available": 0
      },
      "code_large_object_space": {
        "memorySize": 1204224,
        "committedMemory": 1204224,
        "capacity": 1100416,
        "used": 1100416,
        "available": 0
      },
      "new_large_object_space": {
        "memorySize": 0,
        "committedMemory": 0,
        "capacity": 16759808,
        "used": 0,
        "available": 16759808
      }
    }
  },
  "resourceUsage": {
    "userCpuSeconds": 1830.92,
    "kernelCpuSeconds": 247.947,
    "cpuConsumptionPercent": 46.7266,
    "maxRss": 2220154880,
    "pageFaults": {
      "IORequired": 3614411,
      "IONotRequired": 0
    },
    "fsActivity": {
      "reads": 4316,
      "writes": 1
    }
  },
  "libuv": [
  ],
  "environmentVariables": {
    "=F:": "F:\\第四阶段\\后台\\mydemo",
    "ALLUSERSPROFILE": "C:\\ProgramData",
    "APPDATA": "C:\\Users\\Administrator\\AppData\\Roaming",
    "CommonProgramFiles": "C:\\Program Files\\Common Files",
    "CommonProgramFiles(x86)": "C:\\Program Files (x86)\\Common Files",
    "CommonProgramW6432": "C:\\Program Files\\Common Files",
    "COMPUTERNAME": "ALJS-20180826YQ",
    "ComSpec": "C:\\Windows\\system32\\cmd.exe",
    "dp0": "F:\\第四阶段\\后台\\mydemo\\node_modules\\.bin\\",
    "FP_NO_HOST_CHECK": "NO",
    "HOME": "C:\\Users\\Administrator",
    "HOMEDRIVE": "C:",
    "HOMEPATH": "\\Users\\Administrator",
    "INIT_CWD": "F:\\第四阶段\\后台\\mydemo",
    "LOCALAPPDATA": "C:\\Users\\Administrator\\AppData\\Local",
    "LOGONSERVER": "\\\\ALJS-20180826YQ",
    "NODE": "C:\\Program Files\\nodejs\\node.exe",
    "NODE_ENV": "development",
    "NODE_EXE": "C:\\Program Files\\nodejs\\\\node.exe",
    "NPM_CLI_JS": "C:\\Program Files\\nodejs\\\\node_modules\\npm\\bin\\npm-cli.js",
    "npm_config_access": "",
    "npm_config_allow_same_version": "",
    "npm_config_also": "",
    "npm_config_always_auth": "",
    "npm_config_argv": "{\"remain\":[],\"cooked\":[\"run\",\"dev\"],\"original\":[\"run\",\"dev\"]}",
    "npm_config_audit": "true",
    "npm_config_audit_level": "low",
    "npm_config_auth_type": "legacy",
    "npm_config_before": "",
    "npm_config_bin_links": "true",
    "npm_config_browser": "",
    "npm_config_ca": "",
    "npm_config_cache": "C:\\Users\\Administrator\\AppData\\Roaming\\npm-cache",
    "npm_config_cache_lock_retries": "10",
    "npm_config_cache_lock_stale": "60000",
    "npm_config_cache_lock_wait": "10000",
    "npm_config_cache_max": "Infinity",
    "npm_config_cache_min": "10",
    "npm_config_cafile": "",
    "npm_config_cert": "",
    "npm_config_cidr": "",
    "npm_config_color": "true",
    "npm_config_commit_hooks": "true",
    "npm_config_depth": "Infinity",
    "npm_config_description": "true",
    "npm_config_dev": "",
    "npm_config_dry_run": "",
    "npm_config_editor": "notepad.exe",
    "npm_config_engine_strict": "",
    "npm_config_fetch_retries": "2",
    "npm_config_fetch_retry_factor": "10",
    "npm_config_fetch_retry_maxtimeout": "60000",
    "npm_config_fetch_retry_mintimeout": "10000",
    "npm_config_force": "",
    "npm_config_format_package_lock": "true",
    "npm_config_git": "git",
    "npm_config_git_tag_version": "true",
    "npm_config_global": "",
    "npm_config_globalconfig": "C:\\Users\\Administrator\\AppData\\Roaming\\npm\\etc\\npmrc",
    "npm_config_globalignorefile": "C:\\Users\\Administrator\\AppData\\Roaming\\npm\\etc\\npmignore",
    "npm_config_global_style": "",
    "npm_config_group": "",
    "npm_config_ham_it_up": "",
    "npm_config_heading": "npm",
    "npm_config_https_proxy": "",
    "npm_config_if_present": "",
    "npm_config_ignore_prepublish": "",
    "npm_config_ignore_scripts": "",
    "npm_config_init_author_email": "",
    "npm_config_init_author_name": "",
    "npm_config_init_author_url": "",
    "npm_config_init_license": "ISC",
    "npm_config_init_module": "C:\\Users\\Administrator\\.npm-init.js",
    "npm_config_init_version": "1.0.0",
    "npm_config_json": "",
    "npm_config_key": "",
    "npm_config_legacy_bundling": "",
    "npm_config_link": "",
    "npm_config_local_address": "",
    "npm_config_loglevel": "notice",
    "npm_config_logs_max": "10",
    "npm_config_long": "",
    "npm_config_maxsockets": "50",
    "npm_config_message": "%s",
    "npm_config_metrics_registry": "https://registry.npm.taobao.org/",
    "npm_config_node_gyp": "C:\\Program Files\\nodejs\\node_modules\\npm\\node_modules\\node-gyp\\bin\\node-gyp.js",
    "npm_config_node_options": "",
    "npm_config_node_version": "12.13.1",
    "npm_config_noproxy": "",
    "npm_config_offline": "",
    "npm_config_onload_script": "",
    "npm_config_only": "",
    "npm_config_optional": "true",
    "npm_config_otp": "",
    "npm_config_package_lock": "true",
    "npm_config_package_lock_only": "",
    "npm_config_parseable": "",
    "npm_config_prefer_offline": "",
    "npm_config_prefer_online": "",
    "npm_config_prefix": "C:\\Users\\Administrator\\AppData\\Roaming\\npm",
    "npm_config_preid": "",
    "npm_config_production": "",
    "npm_config_progress": "true",
    "npm_config_proxy": "",
    "npm_config_read_only": "",
    "npm_config_rebuild_bundle": "true",
    "npm_config_registry": "https://registry.npm.taobao.org/",
    "npm_config_rollback": "true",
    "npm_config_save": "true",
    "npm_config_save_bundle": "",
    "npm_config_save_dev": "",
    "npm_config_save_exact": "",
    "npm_config_save_optional": "",
    "npm_config_save_prefix": "^",
    "npm_config_save_prod": "",
    "npm_config_scope": "",
    "npm_config_scripts_prepend_node_path": "warn-only",
    "npm_config_script_shell": "",
    "npm_config_searchexclude": "",
    "npm_config_searchlimit": "20",
    "npm_config_searchopts": "",
    "npm_config_searchstaleness": "900",
    "npm_config_send_metrics": "",
    "npm_config_shell": "C:\\Windows\\system32\\cmd.exe",
    "npm_config_shrinkwrap": "true",
    "npm_config_sign_git_commit": "",
    "npm_config_sign_git_tag": "",
    "npm_config_sso_poll_frequency": "500",
    "npm_config_sso_type": "oauth",
    "npm_config_strict_ssl": "true",
    "npm_config_tag": "latest",
    "npm_config_tag_version_prefix": "v",
    "npm_config_timing": "",
    "npm_config_tmp": "C:\\Users\\ADMINI~1\\AppData\\Local\\Temp",
    "npm_config_umask": "0000",
    "npm_config_unicode": "",
    "npm_config_unsafe_perm": "true",
    "npm_config_update_notifier": "true",
    "npm_config_usage": "",
    "npm_config_user": "",
    "npm_config_userconfig": "C:\\Users\\Administrator\\.npmrc",
    "npm_config_user_agent": "npm/6.12.1 node/v12.13.1 win32 x64",
    "npm_config_version": "",
    "npm_config_versions": "",
    "npm_config_viewer": "browser",
    "npm_execpath": "C:\\Program Files\\nodejs\\node_modules\\npm\\bin\\npm-cli.js",
    "npm_lifecycle_event": "dev",
    "npm_lifecycle_script": "webpack-dev-server --inline --progress --config build/webpack.dev.conf.js",
    "npm_node_execpath": "C:\\Program Files\\nodejs\\node.exe",
    "npm_package_author": "",
    "npm_package_browserslist_0": "> 1%",
    "npm_package_browserslist_1": "last 2 versions",
    "npm_package_browserslist_2": "not ie <= 8",
    "npm_package_dependencies_axios": "^0.21.0",
    "npm_package_dependencies_element_ui": "^2.14.0",
    "npm_package_dependencies_stylus": "^0.54.8",
    "npm_package_dependencies_stylus_loader": "^3.0.2",
    "npm_package_dependencies_vue": "^2.5.2",
    "npm_package_dependencies_vuex": "^3.5.1",
    "npm_package_dependencies_vue_router": "^3.0.1",
    "npm_package_description": "A Vue.js project",
    "npm_package_devDependencies_autoprefixer": "^7.1.2",
    "npm_package_devDependencies_babel_core": "^6.22.1",
    "npm_package_devDependencies_babel_helper_vue_jsx_merge_props": "^2.0.3",
    "npm_package_devDependencies_babel_loader": "^7.1.1",
    "npm_package_devDependencies_babel_plugin_syntax_jsx": "^6.18.0",
    "npm_package_devDependencies_babel_plugin_transform_runtime": "^6.22.0",
    "npm_package_devDependencies_babel_plugin_transform_vue_jsx": "^3.5.0",
    "npm_package_devDependencies_babel_preset_env": "^1.3.2",
    "npm_package_devDependencies_babel_preset_stage_2": "^6.22.0",
    "npm_package_devDependencies_chalk": "^2.0.1",
    "npm_package_devDependencies_copy_webpack_plugin": "^4.0.1",
    "npm_package_devDependencies_css_loader": "^0.28.0",
    "npm_package_devDependencies_extract_text_webpack_plugin": "^3.0.0",
    "npm_package_devDependencies_file_loader": "^1.1.4",
    "npm_package_devDependencies_friendly_errors_webpack_plugin": "^1.6.1",
    "npm_package_devDependencies_html_webpack_plugin": "^2.30.1",
    "npm_package_devDependencies_node_notifier": "^5.1.2",
    "npm_package_devDependencies_optimize_css_assets_webpack_plugin": "^3.2.0",
    "npm_package_devDependencies_ora": "^1.2.0",
    "npm_package_devDependencies_portfinder": "^1.0.13",
    "npm_package_devDependencies_postcss_import": "^11.0.0",
    "npm_package_devDependencies_postcss_loader": "^2.0.8",
    "npm_package_devDependencies_postcss_url": "^7.2.1",
    "npm_package_devDependencies_rimraf": "^2.6.0",
    "npm_package_devDependencies_semver": "^5.3.0",
    "npm_package_devDependencies_shelljs": "^0.7.6",
    "npm_package_devDependencies_uglifyjs_webpack_plugin": "^1.1.1",
    "npm_package_devDependencies_url_loader": "^0.5.8",
    "npm_package_devDependencies_vue_loader": "^13.3.0",
    "npm_package_devDependencies_vue_style_loader": "^3.0.1",
    "npm_package_devDependencies_vue_template_compiler": "^2.5.2",
    "npm_package_devDependencies_webpack": "^3.6.0",
    "npm_package_devDependencies_webpack_bundle_analyzer": "^2.9.0",
    "npm_package_devDependencies_webpack_dev_server": "^2.9.1",
    "npm_package_devDependencies_webpack_merge": "^4.1.0",
    "npm_package_engines_node": ">= 6.0.0",
    "npm_package_engines_npm": ">= 3.0.0",
    "npm_package_name": "mydemo",
    "npm_package_private": "true",
    "npm_package_readmeFilename": "README.md",
    "npm_package_scripts_build": "node build/build.js",
    "npm_package_scripts_dev": "webpack-dev-server --inline --progress --config build/webpack.dev.conf.js",
    "npm_package_scripts_start": "npm run dev",
    "npm_package_version": "1.0.0",
    "NPM_PREFIX_NPM_CLI_JS": "C:\\Users\\Administrator\\AppData\\Roaming\\npm\\node_modules\\npm\\bin\\npm-cli.js",
    "NUMBER_OF_PROCESSORS": "4",
    "OS": "Windows_NT",
    "Path": "C:\\Program Files\\nodejs\\node_modules\\npm\\node_modules\\npm-lifecycle\\node-gyp-bin;F:\\第四阶段\\后台\\mydemo\\node_modules\\.bin;C:\\Windows\\system32;C:\\Windows;C:\\Windows\\System32\\Wbem;C:\\Windows\\System32\\WindowsPowerShell\\v1.0\\;C:\\Program Files\\nodejs\\;;E:\\Microsoft VS Code\\bin;C:\\Users\\Administrator\\AppData\\Roaming\\npm;C:\\Program Files\\MySQL\\MySQL Server 5.7\\bin",
    "PATHEXT": ".COM;.EXE;.BAT;.CMD;.VBS;.VBE;.JSE;.WSF;.WSH;.MSC",
    "PORT": "8080",
    "PROCESSOR_ARCHITECTURE": "AMD64",
    "PROCESSOR_IDENTIFIER": "Intel64 Family 6 Model 60 Stepping 3, GenuineIntel",
    "PROCESSOR_LEVEL": "6",
    "PROCESSOR_REVISION": "3c03",
    "ProgramData": "C:\\ProgramData",
    "ProgramFiles": "C:\\Program Files",
    "ProgramFiles(x86)": "C:\\Program Files (x86)",
    "ProgramW6432": "C:\\Program Files",
    "PROMPT": "$P$G",
    "PSModulePath": "C:\\Windows\\system32\\WindowsPowerShell\\v1.0\\Modules\\",
    "PUBLIC": "C:\\Users\\Public",
    "SESSIONNAME": "Console",
    "SystemDrive": "C:",
    "SystemRoot": "C:\\Windows",
    "TEMP": "C:\\Users\\ADMINI~1\\AppData\\Local\\Temp",
    "TMP": "C:\\Users\\ADMINI~1\\AppData\\Local\\Temp",
    "USERDOMAIN": "ALJS-20180826YQ",
    "USERNAME": "Administrator",
    "USERPROFILE": "C:\\Users\\Administrator",
    "windir": "C:\\Windows",
    "windows_tracing_flags": "3",
    "windows_tracing_logfile": "C:\\BVTBin\\Tests\\installpackage\\csilogfile.log",
    "_prog": "node"
  },
  "sharedObjects": [
    "C:\\Program Files\\nodejs\\node.exe",
    "C:\\Windows\\SYSTEM32\\ntdll.dll",
    "C:\\Windows\\system32\\kernel32.dll",
    "C:\\Windows\\system32\\KERNELBASE.dll",
    "C:\\Windows\\system32\\dbghelp.dll",
    "C:\\Windows\\system32\\msvcrt.dll",
    "C:\\Windows\\system32\\WS2_32.dll",
    "C:\\Windows\\system32\\RPCRT4.dll",
    "C:\\Windows\\system32\\NSI.dll",
    "C:\\Windows\\system32\\ADVAPI32.dll",
    "C:\\Windows\\SYSTEM32\\sechost.dll",
    "C:\\Windows\\system32\\USER32.dll",
    "C:\\Windows\\system32\\GDI32.dll",
    "C:\\Windows\\system32\\LPK.dll",
    "C:\\Windows\\system32\\USP10.dll",
    "C:\\Windows\\system32\\IPHLPAPI.DLL",
    "C:\\Windows\\system32\\WINNSI.DLL",
    "C:\\Windows\\system32\\PSAPI.DLL",
    "C:\\Windows\\system32\\USERENV.dll",
    "C:\\Windows\\system32\\profapi.dll",
    "C:\\Windows\\system32\\CRYPT32.dll",
    "C:\\Windows\\system32\\MSASN1.dll",
    "C:\\Windows\\system32\\bcrypt.dll",
    "C:\\Windows\\system32\\WINMM.dll",
    "C:\\Windows\\system32\\IMM32.DLL",
    "C:\\Windows\\system32\\MSCTF.dll",
    "C:\\Windows\\system32\\api-ms-win-core-synch-l1-2-0.DLL",
    "C:\\Windows\\system32\\powrprof.dll",
    "C:\\Windows\\system32\\SETUPAPI.dll",
    "C:\\Windows\\system32\\CFGMGR32.dll",
    "C:\\Windows\\system32\\OLEAUT32.dll",
    "C:\\Windows\\system32\\ole32.dll",
    "C:\\Windows\\system32\\DEVOBJ.dll",
    "C:\\Windows\\system32\\uxtheme.dll",
    "C:\\Windows\\system32\\mswsock.dll",
    "C:\\Windows\\System32\\wshtcpip.dll",
    "C:\\Windows\\System32\\wship6.dll",
    "C:\\Windows\\system32\\bcryptprimitives.dll",
    "C:\\Windows\\system32\\dhcpcsvc6.DLL",
    "C:\\Windows\\system32\\dhcpcsvc.DLL",
    "C:\\Windows\\system32\\NLAapi.dll",
    "C:\\Windows\\system32\\napinsp.dll",
    "C:\\Windows\\system32\\pnrpnsp.dll",
    "C:\\Windows\\system32\\DNSAPI.dll",
    "C:\\Windows\\System32\\winrnr.dll",
    "C:\\Windows\\system32\\wshbth.dll",
    "C:\\Windows\\system32\\cryptbase.dll",
    "C:\\Windows\\system32\\rasadhlp.dll",
    "C:\\Windows\\System32\\fwpuclnt.dll",
    "C:\\Windows\\system32\\apphelp.dll"
  ]
}